Denomination,Monarch,Year,F,VF,EF,UNC
Florin,Victoria,1848,,,,
Florin,Victoria,1849,30,75,280,550
Florin,Victoria,1851,,,,
Florin,Victoria,1852,30,65,280,700
Florin,Victoria,1852,,,,
Florin,Victoria,1853,30,65,300,725
Florin,Victoria,1853,,,,
Florin,Victoria,1854,800,2000,,
Florin,Victoria,1855,30,75,325,850
Florin,Victoria,1856,30,75,325,850
Florin,Victoria,1857,30,70,325,900
Florin,Victoria,1857,,,,
Florin,Victoria,1858,30,70,325,875
Florin,Victoria,1858,,,,
Florin,Victoria,1859,30,70,325,800
Florin,Victoria,1860,35,90,325,1000
Florin,Victoria,1862,300,800,1800,5250
Florin,Victoria,1862,,,,
Florin,Victoria,1863,1300,2500,7000,15000
Florin,Victoria,1863,,,,
Florin,Victoria,1864,30,65,325,800
Florin,Victoria,1865,40,100,450,750
Florin,Victoria,1866,35,90,400,750
Florin,Victoria,1867a48,50,170,500,1200
Florin,Victoria,1867a42,,,,
Florin,Victoria,1868,30,80,400,850
Florin,Victoria,1869,40,100,500,1100
Florin,Victoria,1870,30,80,350,750
Florin,Victoria,1871,30,80,350,700
Florin,Victoria,1872,30,70,280,600
Florin,Victoria,1873,30,70,280,625
Florin,Victoria,1874,30,70,280,650
Florin,Victoria,1874o,35,80,400,800
Florin,Victoria,1875,35,85,275,700
Florin,Victoria,1876,50,130,550,1200
Florin,Victoria,1877ww,30,70,300,650
Florin,Victoria,1877a48,30,70,300,650
Florin,Victoria,1877a42,30,75,300,700
Florin,Victoria,1877ndn,,,,
Florin,Victoria,1878,35,70,300,700
Florin,Victoria,1879a42,,,,
Florin,Victoria,1879a48d30,60,300,700,
Florin,Victoria,1879a48nextremely,,,,
Florin,Victoria,1879a38,30,60,300,700
Florin,Victoria,1880yp,,,,
Florin,Victoria,1880op,30,60,300,600
Florin,Victoria,1881,28,60,300,600
Florin,Victoria,1881r,35,70,280,700
Florin,Victoria,1883,30,70,280,650
Florin,Victoria,1884,30,70,280,675
Florin,Victoria,1885,30,70,280,675
Florin,Victoria,1886,30,70,280,650
Florin,Victoria,1887a46,50,120,350,1000
Florin,Victoria,1887j,8,16,35,75
Florin,Victoria,1887j,,,,
Florin,Victoria,1888,8,20,50,150
Florin,Victoria,1889,9,20,50,170
Florin,Victoria,1890,12,30,140,375
Florin,Victoria,1891,25,80,300,600
Florin,Victoria,1892,40,140,400,950
Florin,Victoria,1892,,,,
Florin,Victoria,1893,10,20,60,140
Florin,Victoria,1893,,,,
Florin,Victoria,1894,15,30,110,300
Florin,Victoria,1895,12,35,100,300
Florin,Victoria,1896,10,30,90,240
Florin,Victoria,1897,10,30,90,220
Florin,Victoria,1898,10,30,90,230
Florin,Victoria,1899,10,30,90,235
Florin,Victoria,1900,10,30,80,200
Florin,Victoria,1901,10,30,80,200
Florin,Edward VII,1902,10,30,75,140
Florin,Edward VII,1902,,,,
Florin,Edward VII,1903,12,35,170,600
Florin,Edward VII,1904,15,45,180,550
Florin,Edward VII,1905,65,250,750,2000
Florin,Edward VII,1906,12,40,150,600
Florin,Edward VII,1907,12,40,150,600
Florin,Edward VII,1908,20,60,350,900
Florin,Edward VII,1909,15,50,270,700
Florin,Edward VII,1910,15,40,150,350
Florin,George V,1911,7,12,50,125
Florin,George V,1911,,,,
Florin,George V,1912,8,18,50,175
Florin,George V,1913,12,30,70,225
Florin,George V,1914,7,18,30,90
Florin,George V,1915,7,18,30,90
Florin,George V,1916,7,18,30,90
Florin,George V,1917,7,22,40,100
Florin,George V,1918,7,18,30,100
Florin,George V,1919,10,22,50,140
Florin,George V,1920,4,12,40,90
Florin,George V,1921,4,12,40,70
Florin,George V,1922,4,12,40,70
Florin,George V,1923,4,10,30,65
Florin,George V,1924,12,35,95,275
Florin,George V,1925,30,75,300,1000
Florin,George V,1926,10,25,60,200
Florin,George V,1927,,,,
Florin,George V,1928,4,8,20,45
Florin,George V,1929,4,8,20,40
Florin,George V,1930,4,8,25,60
Florin,George V,1931,4,8,25,40
Florin,George V,1932,15,50,350,800
Florin,George V,1933,4,8,20,45
Florin,George V,1935,4,8,15,35
Florin,George V,1936,4,8,15,35
Florin,George VI,1937,4,5,8,15
Florin,George VI,1937,,,,
Florin,George VI,1938,6,8,18,40
Florin,George VI,1939,4,5,10,12
Florin,George VI,1940,4,5,8,15
Florin,George VI,1941,4,5,8,12
Florin,George VI,1942,4,5,8,12
Florin,George VI,1943,4,5,8,12
Florin,George VI,1944,4,5,8,12
Florin,George VI,1945,4,5,8,12
Florin,George VI,1946,4,5,8,12
Florin,George VI,1947,1,3,,
Florin,George VI,1948,1,3,,
Florin,George VI,1949,1,5,,
Florin,George VI,1950,2,7,,
Florin,George VI,1950,,,,
Florin,George VI,1951,2,8,,
Florin,George VI,1951,,,,
Florin,Elizabeth II,1953,3,,,
Florin,Elizabeth II,1953,,,,
Florin,Elizabeth II,1954,8,50,,
Florin,Elizabeth II,1955,1,5,,
Florin,Elizabeth II,1956,1,5,,
Florin,Elizabeth II,1957,4,30,,
Florin,Elizabeth II,1958,4,50,,
Florin,Elizabeth II,1959,4,40,,
Florin,Elizabeth II,1960,1,5,,
Florin,Elizabeth II,1961,1,2,,
Florin,Elizabeth II,1962,1,2,,
Florin,Elizabeth II,1963,1,2,,
Florin,Elizabeth II,1964,1,2,,
Florin,Elizabeth II,1965,2,,,
Florin,Elizabeth II,1966,2,,,
Florin,Elizabeth II,1967,2,,,
Florin,Elizabeth II,1970,,,,
Crown,Oliver Cromwell,1658dc,,,,
Crown,Charles II,1662r,250,900,6000,
Crown,Charles II,1662,250,900,6000,
Crown,Charles II,1663,250,900,6000,
Crown,Charles II,1664,200,900,6000,
Crown,Charles II,1665,1500,5000,,
Crown,Charles II,1666,300,1100,6000,
Crown,Charles II,1666e,900,3500,20000,
Crown,Charles II,1667,190,600,3000,
Crown,Charles II,1668,200,600,5000,
Crown,Charles II,1669,325,1200,6000,
Crown,Charles II,1670,220,750,5000,
Crown,Charles II,1671b2,220,750,4000,
Crown,Charles II,1671b3,220,750,4000,
Crown,Charles II,1672,220,600,4000,
Crown,Charles II,1673,220,600,4000,
Crown,Charles II,1674,,,,
Crown,Charles II,1675,800,2750,,
Crown,Charles II,1676,180,650,4000,
Crown,Charles II,1677,200,65,4250,
Crown,Charles II,1678,200,900,,
Crown,Charles II,1679b3,190,750,4000,
Crown,Charles II,1679b4,190,750,3750,
Crown,Charles II,1680b3,190,1000,4500,
Crown,Charles II,1680b4,200,800,5500,
Crown,Charles II,1681,200,700,4500,
Crown,Charles II,1681ec,5500,15000,,
Crown,Charles II,1683,400,1150,5500,
Crown,Charles II,1684,400,1300,,
Crown,James II,1686,325,1200,7500,
Crown,James II,1686ns,425,1800,,
Crown,James II,1687,300,700,5000,
Crown,James II,1688,280,900,5000,
Crown,William & Mary,1691,750,1800,7500,
Crown,William & Mary,1692,750,2000,7000,
Crown,William & Mary,1692i2,750,2000,7000,
Crown,William III,1695,100,370,2500,
Crown,William III,1696b1,100,300,2400,
Crown,William III,1696b1ns,225,500,,
Crown,William III,1696b1G,750,1800,,
Crown,William III,1696b2,,,,
Crown,William III,1696b3,100,300,2200,
Crown,William III,1697,2800,10000,25000,
Crown,William III,1700,140,550,2500,
Crown,Anne,1703V,350,1400,7500,
Crown,Anne,1705p,600,2200,8500,
Crown,Anne,1706rp,275,800,3300,
Crown,Anne,1707rp,275,800,3300,
Crown,Anne,1707E,200,700,3200,
Crown,Anne,1707,200,700,3200,
Crown,Anne,1708E,200,700,3200,
Crown,Anne,1708,200,700,3300,
Crown,Anne,1708p,200,700,3400,
Crown,Anne,1713rp,200,700,4000,
Crown,George I,1716,750,1800,6500,
Crown,George I,1718,750,1800,6000,
Crown,George I,1720,750,1800,6250,
Crown,George I,1723SSC,750,1800,6000,
Crown,George I,1726,750,2000,7500,
Crown,George II,1732,,,,
Crown,George II,1732rp,350,850,4000,
Crown,George II,1734rp,350,850,4000,
Crown,George II,1735rp,350,850,4000,
Crown,George II,1736rp,350,850,4000,
Crown,George II,1739r,350,600,3750,
Crown,George II,1741r,350,600,3750,
Crown,George II,1743r,350,600,2500,
Crown,George II,1746L,350,600,2500,
Crown,George II,1746,,,,
Crown,George II,1750,500,1400,4500,
Crown,George II,1751,550,1700,5000,
Crown,George III,1818,50,120,450,1100
Crown,George III,1819,50,120,450,1100
Crown,George III,1819ns,65,170,425,1200
Crown,George III,1820,45,140,400,1150
Crown,George IV,1821S,50,200,700,1800
Crown,George IV,1821S,,,,
Crown,George IV,1821T,,,,
Crown,George IV,1822S,45,200,800,1800
Crown,George IV,1822T,45,200,800,1800
Crown,George IV,1823,,,,
Crown,George IV,1825,,,,
Crown,George IV,1826,,,,
Crown,William IV,1831w,,,,
Crown,William IV,1831wy,,,,
Crown,William IV,1834,,,,
Crown,Victoria,1839,,,,
Crown,Victoria,1844,75,350,1500,3300
Crown,Victoria,1845,75,350,1500,3300
Crown,Victoria,1847y,75,400,1750,5500
Crown,Victoria,1847gl,1000,1850,3200,6000
Crown,Victoria,1847gp,7250,,,
Crown,Victoria,1853gl,,,,
Crown,Victoria,1853gp,,,,
Crown,Victoria,1887,24,35,75,180
Crown,Victoria,1887,,,,
Crown,Victoria,1888nd,24,35,100,325
Crown,Victoria,1888wd,30,75,340,
Crown,Victoria,1889,24,35,75,200
Crown,Victoria,1890,24,35,85,275
Crown,Victoria,1891,24,35,85,300
Crown,Victoria,1892,24,35,90,340
Crown,Victoria,1894LVIII,25,50,225,550
Crown,Victoria,1895LVIII,25,50,200,550
Crown,Victoria,1899LXIII,25,50,200,550
Crown,Victoria,1900LXIII,25,50,200,550
Crown,Edward VII,1902,85,150,240,340
Crown,Edward VII,1902,,,,
Crown,George V,1927,,,,
Crown,George V,1928,110,170,300,500
Crown,George V,1929,110,170,300,500
Crown,George V,1930,110,170,300,550
Crown,George V,1931,110,170,300,500
Crown,George V,1932,200,400,800,1300
Crown,George V,1933,110,175,300,550
Crown,George V,1934,800,1600,3500,5500
Crown,George V,1935,15,20,30,45
Crown,George V,1935,,,,
Crown,George V,1935,,,,
Crown,George V,1935re,,,,
Crown,George V,1936,180,350,600,1000
Crown,George VI,1937,18,24,35,55
Crown,George VI,1937,,,,
Crown,George VI,1951,,,,
Crown,Elizabeth II,1953,3,6,,
Crown,Elizabeth II,1953,,,,
Crown,Elizabeth II,1960,3,6,,
Crown,Elizabeth II,1960pd,9,,,
Crown,Elizabeth II,1965,1,,,
Crown,George I,1718,200,350,975,
Crown,George III,1762,250,525,900,
Halfcrown,Oliver Cromwell,1656,,,,
Halfcrown,Oliver Cromwell,1658,1750,2750,6250,
Halfcrown,Charles II,1663,180,700,4000,
Halfcrown,Charles II,1663ns,200,800,,
Halfcrown,Charles II,1664,250,1200,5500,
Halfcrown,Charles II,1666,900,,,
Halfcrown,Charles II,1666el,900,3500,,
Halfcrown,Charles II,1669,400,1600,,
Halfcrown,Charles II,1670,150,600,2750,
Halfcrown,Charles II,1670R,300,1000,,
Halfcrown,Charles II,1671,150,600,2600,
Halfcrown,Charles II,1672b3,,,,
Halfcrown,Charles II,1672b4,160,550,3000,
Halfcrown,Charles II,1673,160,550,2800,
Halfcrown,Charles II,1673plbs,,,,
Halfcrown,Charles II,1673pl,8000,22000,,
Halfcrown,Charles II,1674,160,700,,
Halfcrown,Charles II,1675,150,500,2400,
Halfcrown,Charles II,1676,150,500,2400,
Halfcrown,Charles II,1676i,150,500,2400,
Halfcrown,Charles II,1677,150,500,2100,
Halfcrown,Charles II,1678,220,900,,
Halfcrown,Charles II,1679,160,500,2200,
Halfcrown,Charles II,1680,175,750,,
Halfcrown,Charles II,1681,200,675,3000,
Halfcrown,Charles II,1681ec,3750,12000,,
Halfcrown,Charles II,1682,170,550,3700,
Halfcrown,Charles II,1683,170,550,3500,
Halfcrown,Charles II,1683pl,,,,
Halfcrown,James II,1685,230,675,4000,
Halfcrown,James II,1686,220,650,3700,
Halfcrown,James II,1687b1,220,675,3500,
Halfcrown,James II,1687b2,200,600,3400,
Halfcrown,James II,1688,200,600,3200,
Halfcrown,William & Mary,1689s1,120,350,1800,
Halfcrown,William & Mary,1689np,120,350,1800,
Halfcrown,William & Mary,1689fra,170,600,2200,
Halfcrown,William & Mary,1689ns,120,550,2000,
Halfcrown,William & Mary,1689s2,120,400,1800,
Halfcrown,William & Mary,1689np,130,400,1850,
Halfcrown,William & Mary,1690,180,700,3000,
Halfcrown,William & Mary,1690G,600,1600,6000,
Halfcrown,William & Mary,1691,160,500,2350,
Halfcrown,William & Mary,1692,160,500,2350,
Halfcrown,William & Mary,1693,170,500,2500,
Halfcrown,William & Mary,1693i,220,800,3250,
Halfcrown,William III,1696le,80,260,1250,
Halfcrown,William III,1696leB,80,270,1400,
Halfcrown,William III,1696leC,90,400,1500,
Halfcrown,William III,1696leE,120,500,1700,
Halfcrown,William III,1696leN,100,500,1700,
Halfcrown,William III,1696ley,90,400,2200,
Halfcrown,William III,1696lo,90,325,1700,
Halfcrown,William III,1696loC,110,500,1600,
Halfcrown,William III,1696loE,100,500,1600,
Halfcrown,William III,1696loN,170,700,2850,
Halfcrown,William III,1696so,70,300,1200,
Halfcrown,William III,1696soB,100,350,1500,
Halfcrown,William III,1696soC,100,350,1700,
Halfcrown,William III,1696soE,120,600,2400,
Halfcrown,William III,1696soN,110,500,2000,
Halfcrown,William III,1696soy,100,600,2000,
Halfcrown,William III,1696b2,,,,
Halfcrown,William III,1697,80,325,1400,
Halfcrown,William III,1697B,90,320,1650,
Halfcrown,William III,1697C,90,375,1800,
Halfcrown,William III,1697E,100,375,1800,
Halfcrown,William III,1697N,100,375,1800,
Halfcrown,William III,1697y,90,375,1900,
Halfcrown,William III,1698,100,375,1750,
Halfcrown,William III,1699,160,500,3500,
Halfcrown,William III,1700,140,400,2200,
Halfcrown,William III,1701,150,450,2300,
Halfcrown,William III,1701ns,160,650,,
Halfcrown,William III,1701ec,2500,,,
Halfcrown,William III,1701pl,275,800,4000,
Halfcrown,Anne,1703,700,2500,,
Halfcrown,Anne,1703V,150,500,1800,
Halfcrown,Anne,1704pl,200,600,2200,
Halfcrown,Anne,1705pl,180,700,2200,
Halfcrown,Anne,1706rp,100,400,1800,
Halfcrown,Anne,1707rp,90,325,1400,
Halfcrown,Anne,1707,90,240,1100,
Halfcrown,Anne,1707E,90,240,1100,
Halfcrown,Anne,1708,100,280,1250,
Halfcrown,Anne,1708E,100,280,1400,
Halfcrown,Anne,1708pl,110,300,1600,
Halfcrown,Anne,1709,90,300,1200,
Halfcrown,Anne,1709E,275,1250,,
Halfcrown,Anne,1710rp,90,370,1450,
Halfcrown,Anne,1712rp,90,370,1450,
Halfcrown,Anne,1713,90,370,1450,
Halfcrown,Anne,1713rp,90,370,1350,
Halfcrown,Anne,1714rp,90,370,1350,
Halfcrown,George I,1715rp,475,950,3300,
Halfcrown,George I,1717rp,475,1000,3500,
Halfcrown,George I,1720rp,470,1000,3500,
Halfcrown,George I,1723SSC,450,1000,3250,
Halfcrown,George I,1726rp,5000,15000,,
Halfcrown,George II,1731,,,,
Halfcrown,George II,1731rp,160,450,2000,
Halfcrown,George II,1732rp,160,450,2000,
Halfcrown,George II,1734rp,160,450,2100,
Halfcrown,George II,1735rp,160,450,2100,
Halfcrown,George II,1736rp,160,450,2000,
Halfcrown,George II,1739r,150,450,1950,
Halfcrown,George II,1741r,150,450,1900,
Halfcrown,George II,1743r,85,225,1200,
Halfcrown,George II,1745r,85,225,1200,
Halfcrown,George II,1745L,80,200,700,
Halfcrown,George II,1746L,80,200,700,
Halfcrown,George II,1746,,,,
Halfcrown,George II,1750,225,600,2800,
Halfcrown,George II,1751,250,750,3000,
Halfcrown,George III,1816,28,80,275,550
Halfcrown,George III,1817lh,28,80,275,550
Halfcrown,George III,1817sh,28,80,275,525
Halfcrown,George III,1818,28,80,275,525
Halfcrown,George III,1819,28,80,275,550
Halfcrown,George III,1820,50,140,500,1000
Halfcrown,George IV,1820,30,80,400,750
Halfcrown,George IV,1821,30,80,400,750
Halfcrown,George IV,1821,,,,
Halfcrown,George IV,1823r1,1300,4250,,
Halfcrown,George IV,1823r2,30,80,350,675
Halfcrown,George IV,1824r2,35,90,300,750
Halfcrown,George IV,1824r3,,,,
Halfcrown,George IV,1825,30,80,200,500
Halfcrown,George IV,1826,30,80,200,500
Halfcrown,George IV,1826,,,,
Halfcrown,George IV,1828,110,300,850,2500
Halfcrown,George IV,1829,75,175,550,1100
Halfcrown,William IV,1831,,,,
Halfcrown,William IV,1831,,,,
Halfcrown,William IV,1834bWW,35,85,375,1000
Halfcrown,William IV,1834sWW,35,85,375,1000
Halfcrown,William IV,1835,40,100,375,1050
Halfcrown,William IV,1836,35,75,375,1000
Halfcrown,William IV,1837,50,170,750,1600
Halfcrown,Victoria,1839,1300,4250,11000,
Halfcrown,Victoria,1839,,,,
Halfcrown,Victoria,1840,60,200,800,2200
Halfcrown,Victoria,1841,1000,2000,4500,8000
Halfcrown,Victoria,1842,55,150,700,1700
Halfcrown,Victoria,1843,150,450,1300,4000
Halfcrown,Victoria,1844,50,110,550,1750
Halfcrown,Victoria,1845,50,110,550,1750
Halfcrown,Victoria,1846,55,140,600,1800
Halfcrown,Victoria,1848,175,450,1650,5000
Halfcrown,Victoria,1849ld,70,160,600,2200
Halfcrown,Victoria,1849sd,90,220,850,2400
Halfcrown,Victoria,1850,70,240,900,2500
Halfcrown,Victoria,1853,,,,
Halfcrown,Victoria,1862,,,,
Halfcrown,Victoria,1864,,,,
Halfcrown,Victoria,1874,25,70,340,750
Halfcrown,Victoria,1875,25,70,340,700
Halfcrown,Victoria,1876,30,80,340,800
Halfcrown,Victoria,1877,25,70,250,700
Halfcrown,Victoria,1878,25,70,250,700
Halfcrown,Victoria,1879,35,90,300,900
Halfcrown,Victoria,1880,25,70,250,650
Halfcrown,Victoria,1881,25,70,250,600
Halfcrown,Victoria,1882,30,75,270,650
Halfcrown,Victoria,1883,25,70,250,550
Halfcrown,Victoria,1884,25,70,250,550
Halfcrown,Victoria,1885,25,70,250,550
Halfcrown,Victoria,1886,25,70,250,550
Halfcrown,Victoria,1887y,25,65,275,600
Halfcrown,Victoria,1887j,10,16,32,80
Halfcrown,Victoria,1887j,,,,
Halfcrown,Victoria,1888,12,25,60,220
Halfcrown,Victoria,1889,10,20,55,175
Halfcrown,Victoria,1890,12,25,80,220
Halfcrown,Victoria,1891,12,25,80,220
Halfcrown,Victoria,1892,12,25,80,240
Halfcrown,Victoria,1893,12,25,60,120
Halfcrown,Victoria,1893,,,,
Halfcrown,Victoria,1894,16,40,100,275
Halfcrown,Victoria,1895,14,35,80,240
Halfcrown,Victoria,1896,12,22,65,220
Halfcrown,Victoria,1897,12,22,65,230
Halfcrown,Victoria,1898,12,22,65,230
Halfcrown,Victoria,1899,12,22,65,230
Halfcrown,Victoria,1900,12,22,65,230
Halfcrown,Victoria,1901,12,22,65,230
Halfcrown,Edward VII,1902,12,30,80,170
Halfcrown,Edward VII,1902,,,,
Halfcrown,Edward VII,1903,175,550,2200,4500
Halfcrown,Edward VII,1904,60,225,500,1500
Halfcrown,Edward VII,1905,500,1400,5000,9000
Halfcrown,Edward VII,1906,12,50,200,900
Halfcrown,Edward VII,1907,12,50,200,900
Halfcrown,Edward VII,1908,20,90,400,1400
Halfcrown,Edward VII,1909,12,60,350,900
Halfcrown,Edward VII,1910,12,45,130,500
Halfcrown,George V,1911,15,35,80,250
Halfcrown,George V,1911,,,,
Halfcrown,George V,1912,12,25,50,200
Halfcrown,George V,1913,12,28,75,220
Halfcrown,George V,1914,7,12,40,70
Halfcrown,George V,1915,7,12,35,65
Halfcrown,George V,1916,7,12,35,65
Halfcrown,George V,1917,8,15,45,100
Halfcrown,George V,1918,7,12,35,70
Halfcrown,George V,1919,7,15,45,100
Halfcrown,George V,1919,7,15,45,100
Halfcrown,George V,1920,4,8,22,70
Halfcrown,George V,1921,4,8,30,65
Halfcrown,George V,1922,5,9,24,70
Halfcrown,George V,1923,6,8,20,45
Halfcrown,George V,1924,15,35,90,230
Halfcrown,George V,1925,30,75,300,1000
Halfcrown,George V,1926,12,28,50,190
Halfcrown,George V,1926me,6,14,40,110
Halfcrown,George V,1927,6,12,35,75
Halfcrown,George V,1927,,,,
Halfcrown,George V,1928,5,8,20,35
Halfcrown,George V,1929,5,8,20,35
Halfcrown,George V,1930,15,60,325,900
Halfcrown,George V,1931,5,8,20,35
Halfcrown,George V,1932,6,10,25,90
Halfcrown,George V,1933,5,8,20,40
Halfcrown,George V,1934,7,12,65,200
Halfcrown,George V,1935,5,8,18,30
Halfcrown,George V,1936,5,8,18,20
Halfcrown,George VI,1937,6,9,14,
Halfcrown,George VI,1937,,,,
Halfcrown,George VI,1938,5,6,15,25
Halfcrown,George VI,1939,5,6,9,12
Halfcrown,George VI,1940,5,6,9,12
Halfcrown,George VI,1941,5,6,9,12
Halfcrown,George VI,1942,5,6,9,10
Halfcrown,George VI,1943,5,6,9,10
Halfcrown,George VI,1944,5,6,9,10
Halfcrown,George VI,1945,5,6,9,10
Halfcrown,George VI,1946,5,6,9,10
Halfcrown,George VI,1947,1,2,4,
Halfcrown,George VI,1948,1,2,4,
Halfcrown,George VI,1949,1,2,6,
Halfcrown,George VI,1950,1,2,6,
Halfcrown,George VI,1950,,,,
Halfcrown,George VI,1951,1,2,6,
Halfcrown,George VI,1951,,,,
Halfcrown,George VI,1952,,,,
Halfcrown,Elizabeth II,1953,1,3,,
Halfcrown,Elizabeth II,1953,,,,
Halfcrown,Elizabeth II,1954,1,6,40,
Halfcrown,Elizabeth II,1955,1,6,,
Halfcrown,Elizabeth II,1956,1,6,,
Halfcrown,Elizabeth II,1957,1,6,,
Halfcrown,Elizabeth II,1958,1,6,35,
Halfcrown,Elizabeth II,1959,1,9,35,
Halfcrown,Elizabeth II,1960,1,3,,
Halfcrown,Elizabeth II,1961,2,,,
Halfcrown,Elizabeth II,1962,1,2,,
Halfcrown,Elizabeth II,1963,1,,,
Halfcrown,Elizabeth II,1964,2,,,
Halfcrown,Elizabeth II,1965,1,,,
Halfcrown,Elizabeth II,1966,1,,,
Halfcrown,Elizabeth II,1967,1,,,
Halfcrown,Elizabeth II,1970,,,,
Shilling,Oliver Cromwell,1658,1000,2200,4250,
Shilling,Oliver Cromwell,1658d,,,,
Shilling,Charles II,1663,125,500,1600,
Shilling,Charles II,1663v,300,800,,
Shilling,Charles II,1666el,500,1500,6000,
Shilling,Charles II,1666elg,1800,4500,,
Shilling,Charles II,1666,,,,
Shilling,Charles II,1668b1,120,400,1600,
Shilling,Charles II,1668b2,120,450,1600,
Shilling,Charles II,1669,,,,
Shilling,Charles II,1670,150,500,2100,
Shilling,Charles II,1671,150,500,2100,
Shilling,Charles II,1671plb,450,1000,4500,
Shilling,Charles II,1672,150,550,2100,
Shilling,Charles II,1673,150,550,2100,
Shilling,Charles II,1673plb,500,1200,5000,
Shilling,Charles II,1674b2,150,500,2100,
Shilling,Charles II,1674plb,400,1600,5000,
Shilling,Charles II,1674plr,700,2000,5000,
Shilling,Charles II,1674b3,450,1600,,
Shilling,Charles II,1675b2,200,800,,
Shilling,Charles II,1675plb,450,1250,5500,
Shilling,Charles II,1675b3,350,1300,,
Shilling,Charles II,1676,125,450,1800,
Shilling,Charles II,1676plb,450,1600,5250,
Shilling,Charles II,1677,130,500,2000,
Shilling,Charles II,1677pl,1200,3000,9000,
Shilling,Charles II,1678,140,500,2000,
Shilling,Charles II,1679,140,500,2200,
Shilling,Charles II,1679plb,450,1200,6000,
Shilling,Charles II,1679pl,700,2500,6000,
Shilling,Charles II,1680,,,,
Shilling,Charles II,1680plb,1100,3000,6500,
Shilling,Charles II,1681,300,850,3000,
Shilling,Charles II,1681ec,3000,9000,,
Shilling,Charles II,1682,350,900,,
Shilling,Charles II,1683b2,,,,
Shilling,Charles II,1683b4,250,800,2700,
Shilling,Charles II,1684,250,800,2700,
Shilling,James II,1685,200,500,2000,
Shilling,James II,1685pl,,,,
Shilling,James II,1685ns,220,650,,
Shilling,James II,1686,220,550,2300,
Shilling,James II,1687,200,600,2200,
Shilling,James II,1688,200,600,2500,
Shilling,William & Mary,1692,180,500,2400,
Shilling,William & Mary,1692i,210,550,2450,
Shilling,William & Mary,1693,180,500,2400,
Shilling,William III,1695,40,120,600,
Shilling,William III,1696b1,40,100,450,
Shilling,William III,1696nsr,60,140,750,
Shilling,William III,1696b1B,60,150,900,
Shilling,William III,1696b1C,55,150,900,
Shilling,William III,1696b1E,60,160,950,
Shilling,William III,1696b1N,55,150,825,
Shilling,William III,1696b1y,55,150,825,
Shilling,William III,1696b1Y,55,150,825,
Shilling,William III,1696b2,,,,
Shilling,William III,1696b3C,160,400,1500,
Shilling,William III,1696b3Y,,,,
Shilling,William III,1697b1,50,110,400,
Shilling,William III,1697nsr,60,180,700,
Shilling,William III,1697b1B,60,150,950,
Shilling,William III,1697b1C,60,150,950,
Shilling,William III,1697b1E,60,150,950,
Shilling,William III,1697b1N,60,150,950,
Shilling,William III,1697b1y,60,150,900,
Shilling,William III,1697b1Y,50,150,725,
Shilling,William III,1697b3,50,125,550,
Shilling,William III,1697b3B,60,150,750,
Shilling,William III,1697b3C,60,150,800,
Shilling,William III,1697b3E,60,150,850,
Shilling,William III,1697b3N,60,150,950,
Shilling,William III,1697b3y,60,150,800,
Shilling,William III,1697v3,60,140,575,
Shilling,William III,1697v3B,60,150,1000,
Shilling,William III,1697v3C,120,650,,
Shilling,William III,1698b3,90,275,1150,
Shilling,William III,1698pl,200,550,2200,
Shilling,William III,1698b4,150,600,2200,
Shilling,William III,1699b4,110,450,1500,
Shilling,William III,1699b5,100,325,1250,
Shilling,William III,1699pl,150,450,2200,
Shilling,William III,1699r,160,500,2100,
Shilling,William III,1700,70,140,600,
Shilling,William III,1700plb,2750,10000,,
Shilling,William III,1701,80,275,1000,
Shilling,William III,1701pl,160,650,2100,
Shilling,Anne,1702,80,300,700,
Shilling,Anne,1702pl,100,300,850,
Shilling,Anne,1702V,70,220,700,
Shilling,Anne,1703V,65,200,800,
Shilling,Anne,1704,500,1800,,
Shilling,Anne,1704pl,80,240,850,
Shilling,Anne,1705,75,220,750,
Shilling,Anne,1705pl,80,240,800,
Shilling,Anne,1705rp,70,200,700,
Shilling,Anne,1707rp,60,180,650,
Shilling,Anne,1707b2E,50,140,550,
Shilling,Anne,1707b3,35,100,450,
Shilling,Anne,1707pl,50,180,800,
Shilling,Anne,1707b3E,40,90,500,
Shilling,Anne,1708E2,50,100,450,
Shilling,Anne,1708rp2,80,275,650,
Shilling,Anne,1708b3,45,140,475,
Shilling,Anne,1708pl,80,220,700,
Shilling,Anne,1708E3,60,175,650,
Shilling,Anne,1708rp3,70,180,625,
Shilling,Anne,1709,50,160,500,
Shilling,Anne,1709E,70,160,550,
Shilling,Anne,1710rp3,60,140,675,
Shilling,Anne,1710rp4,60,150,675,
Shilling,Anne,1711b3,70,160,475,
Shilling,Anne,1711b4,30,75,250,
Shilling,Anne,1712rp,60,130,475,
Shilling,Anne,1713rp,60,130,450,
Shilling,Anne,1714rp,60,110,375,
Shilling,George I,1715rp,80,200,900,3000
Shilling,George I,1716rp,150,500,2000,
Shilling,George I,1717rp,90,300,1400,
Shilling,George I,1718rp,75,225,800,
Shilling,George I,1719rp,120,500,2200,
Shilling,George I,1720rp,75,180,475,
Shilling,George I,1720,40,100,450,
Shilling,George I,1721rp,100,350,1750,
Shilling,George I,1721,120,450,1500,
Shilling,George I,1722rp,80,240,1100,
Shilling,George I,1723rp1,90,275,1200,
Shilling,George I,1723SF,100,300,800,
Shilling,George I,1723S1,35,110,275,
Shilling,George I,1723S2,50,170,550,
Shilling,George I,1723rp2,100,270,1100,
Shilling,George I,1723WCC,1000,2200,7000,
Shilling,George I,1724rp,80,200,800,
Shilling,George I,1724WCC,1000,2200,7000,
Shilling,George I,1725rp,80,200,1000,
Shilling,George I,1725WCC,1000,2200,8000,
Shilling,George I,1726rp,700,1800,7000,
Shilling,George I,1726WCC,1050,2250,8250,
Shilling,George I,1727rp,,,,
Shilling,George I,1727rpn,,,,
Shilling,George II,1727pl,75,300,950,
Shilling,George II,1727rp,60,180,650,
Shilling,George II,1728rp,65,180,650,
Shilling,George II,1728,75,220,700,
Shilling,George II,1729rp,60,200,750,
Shilling,George II,1731rp,70,200,700,
Shilling,George II,1731pl,100,400,1250,
Shilling,George II,1732rp,65,200,750,
Shilling,George II,1734rp,65,200,700,
Shilling,George II,1735rp,65,200,700,
Shilling,George II,1736rp,65,200,700,
Shilling,George II,1737rp,65,200,650,
Shilling,George II,1739r,50,160,475,
Shilling,George II,1741r,50,160,475,
Shilling,George II,1743r,30,80,325,
Shilling,George II,1745r,30,80,325,
Shilling,George II,1745L,35,90,325,
Shilling,George II,1746L,50,175,650,
Shilling,George II,1746,,,,
Shilling,George II,1747r,45,100,425,
Shilling,George II,1750,40,140,425,
Shilling,George II,1751,140,600,1750,
Shilling,George II,1758,20,50,140,
Shilling,George III,1763,450,800,1600,
Shilling,George III,1787nsh,20,35,100,
Shilling,George III,1787sh,35,65,125,
Shilling,George III,1798,30000,,,
Shilling,George III,1816,12,25,75,160
Shilling,George III,1817,12,35,85,180
Shilling,George III,1817e,120,250,700,
Shilling,George III,1818,25,45,150,400
Shilling,George III,1819,15,35,100,220
Shilling,George III,1820,15,30,100,220
Shilling,George IV,1821,15,40,160,490
Shilling,George IV,1821,,,,
Shilling,George IV,1823,50,90,250,600
Shilling,George IV,1824,15,45,160,400
Shilling,George IV,1825t2,20,50,160,550
Shilling,George IV,1825t3,10,25,60,200
Shilling,George IV,1826,10,25,60,200
Shilling,George IV,1826,,,,
Shilling,George IV,1827,30,70,200,500
Shilling,George IV,1829,20,60,175,450
Shilling,William IV,1831,,,,
Shilling,William IV,1834,15,35,170,400
Shilling,William IV,1835,15,35,170,400
Shilling,William IV,1836,15,35,170,400
Shilling,William IV,1837,20,60,200,550
Shilling,Victoria,1838,20,50,200,450
Shilling,Victoria,1839WW,20,50,200,450
Shilling,Victoria,1839WW,,,,
Shilling,Victoria,1839nWW,20,50,180,450
Shilling,Victoria,1840,20,50,180,450
Shilling,Victoria,1841,22,50,180,450
Shilling,Victoria,1842,20,45,170,475
Shilling,Victoria,1843,20,50,180,475
Shilling,Victoria,1844,15,40,150,420
Shilling,Victoria,1845,15,40,150,420
Shilling,Victoria,1846,15,40,150,420
Shilling,Victoria,1849,30,75,240,700
Shilling,Victoria,1850,800,1500,3000,7000
Shilling,Victoria,1851,45,110,450,900
Shilling,Victoria,1852,15,35,125,400
Shilling,Victoria,1853,15,35,125,400
Shilling,Victoria,1853,,,,
Shilling,Victoria,1854,250,650,1500,4000
Shilling,Victoria,1855,12,30,110,300
Shilling,Victoria,1856,12,30,110,300
Shilling,Victoria,1857,12,30,110,300
Shilling,Victoria,1857iG,200,600,,
Shilling,Victoria,1858,12,30,110,300
Shilling,Victoria,1859,12,30,110,300
Shilling,Victoria,1860,12,30,110,350
Shilling,Victoria,1861,15,40,150,500
Shilling,Victoria,1862,70,180,500,1500
Shilling,Victoria,1863,140,400,900,2200
Shilling,Victoria,1864dn,10,30,110,250
Shilling,Victoria,1865dn,10,30,110,250
Shilling,Victoria,1866dn,10,30,110,250
Shilling,Victoria,1866BB,80,250,800,
Shilling,Victoria,1867h2,10,35,110,275
Shilling,Victoria,1867,,,,
Shilling,Victoria,1879ndn,,,,
Shilling,Victoria,1867h3,100,450,,
Shilling,Victoria,1868,12,40,110,275
Shilling,Victoria,1869,20,55,140,375
Shilling,Victoria,1870,14,40,100,275
Shilling,Victoria,1871,12,40,100,250
Shilling,Victoria,1872,12,40,100,250
Shilling,Victoria,1873,12,40,100,250
Shilling,Victoria,1874,14,40,100,250
Shilling,Victoria,1875,12,40,100,250
Shilling,Victoria,1876,14,45,120,450
Shilling,Victoria,1877,12,40,100,275
Shilling,Victoria,1878,12,40,100,275
Shilling,Victoria,1878,12,40,100,275
Shilling,Victoria,1879dn,20,70,220,550
Shilling,Victoria,1879ndn,10,28,75,190
Shilling,Victoria,1880,10,28,75,190
Shilling,Victoria,1881,10,28,75,190
Shilling,Victoria,1882,25,80,200,550
Shilling,Victoria,1883,10,28,65,180
Shilling,Victoria,1884,10,28,65,180
Shilling,Victoria,1885,10,28,65,180
Shilling,Victoria,1886,10,28,65,180
Shilling,Victoria,1887y,10,28,65,180
Shilling,Victoria,1887j,4,8,15,40
Shilling,Victoria,1887j,,,,
Shilling,Victoria,1888,6,10,25,70
Shilling,Victoria,1889sh,35,90,300,
Shilling,Victoria,1889lh,6,12,45,80
Shilling,Victoria,1890,6,12,45,80
Shilling,Victoria,1891,6,12,45,85
Shilling,Victoria,1892,6,12,45,110
Shilling,Victoria,1893,5,10,30,70
Shilling,Victoria,1893sl,5,10,30,70
Shilling,Victoria,1893,,,,
Shilling,Victoria,1894,9,25,60,170
Shilling,Victoria,1895,9,25,55,160
Shilling,Victoria,1896,7,15,40,90
Shilling,Victoria,1895,9,25,55,160
Shilling,Victoria,1896,7,15,40,90
Shilling,Victoria,1897,7,12,40,85
Shilling,Victoria,1898,7,12,40,80
Shilling,Victoria,1899,7,12,40,80
Shilling,Victoria,1900,7,12,40,85
Shilling,Victoria,1901,7,12,40,80
Shilling,Edward VII,1902,5,15,45,80
Shilling,Edward VII,1902,,,,
Shilling,Edward VII,1903,10,35,150,500
Shilling,Edward VII,1904,8,35,130,475
Shilling,Edward VII,1905,110,300,1100,3500
Shilling,Edward VII,1906,5,12,40,130
Shilling,Edward VII,1907,5,12,40,140
Shilling,Edward VII,1908,10,25,150,500
Shilling,Edward VII,1909,9,22,110,400
Shilling,Edward VII,1910,5,10,45,100
Shilling,George V,1911,5,9,22,55
Shilling,George V,1911,,,,
Shilling,George V,1912,6,11,25,80
Shilling,George V,1913,7,20,50,150
Shilling,George V,1914,4,7,25,55
Shilling,George V,1915,4,7,25,55
Shilling,George V,1916,4,7,25,55
Shilling,George V,1917,4,7,25,60
Shilling,George V,1918,4,7,25,55
Shilling,George V,1919,5,8,30,65
Shilling,George V,1920,2,4,20,45
Shilling,George V,1921,2,4,20,45
Shilling,George V,1922,2,4,20,45
Shilling,George V,1923,2,4,20,45
Shilling,George V,1924,7,15,50,150
Shilling,George V,1925,6,10,40,120
Shilling,George V,1926,3,8,30,110
Shilling,George V,1926me,2,4,25,55
Shilling,George V,1927me,2,4,25,55
Shilling,George V,1927t4,2,4,20,40
Shilling,George V,1927t4,,,,
Shilling,George V,1928,2,4,15,40
Shilling,George V,1929,2,4,15,40
Shilling,George V,1930,2,4,20,50
Shilling,George V,1931,2,4,15,40
Shilling,George V,1932,2,4,15,45
Shilling,George V,1933,2,4,15,35
Shilling,George V,1934,2,4,18,50
Shilling,George V,1935,4,10,22,
Shilling,George V,1936,4,9,20,
Shilling,George VI,1937E,2,4,6,
Shilling,George VI,1937E,,,,
Shilling,George VI,1937S,2,4,6,
Shilling,George VI,1937S,,,,
Shilling,George VI,1938E,3,10,20,
Shilling,George VI,1938S,3,10,20,
Shilling,George VI,1939E,2,4,6,
Shilling,George VI,1939S,2,4,6,
Shilling,George VI,1940E,4,7,,
Shilling,George VI,1940S,4,7,,
Shilling,George VI,1941E,4,6,,
Shilling,George VI,1941S,4,5,,
Shilling,George VI,1942E,4,5,,
Shilling,George VI,1942S,4,5,,
Shilling,George VI,1943E,4,6,,
Shilling,George VI,1943S,4,5,,
Shilling,George VI,1944E,4,5,,
Shilling,George VI,1944S,4,5,,
Shilling,George VI,1945E,4,6,,
Shilling,George VI,1945S,4,5,,
Shilling,George VI,1946E,4,5,,
Shilling,George VI,1946S,4,5,,
Shilling,George VI,1947E,2,,,
Shilling,George VI,1947S,2,,,
Shilling,George VI,1948E,2,,,
Shilling,George VI,1948S,2,,,
Shilling,George VI,1949E,5,,,
Shilling,George VI,1949S,5,,,
Shilling,George VI,1950E,5,,,
Shilling,George VI,1950E,,,,
Shilling,George VI,1950S,5,,,
Shilling,George VI,1950S,,,,
Shilling,George VI,1951E,5,,,
Shilling,George VI,1951E,,,,
Shilling,George VI,1951S,6,,,
Shilling,George VI,1951S,,,,
Shilling,George VI,1952E,,,,
Shilling,Elizabeth II,1953E,1,,,
Shilling,Elizabeth II,1953E,,,,
Shilling,Elizabeth II,1953S,1,,,
Shilling,Elizabeth II,1953S,,,,
Shilling,Elizabeth II,1954E,2,,,
Shilling,Elizabeth II,1954S,2,,,
Shilling,Elizabeth II,1955E,2,,,
Shilling,Elizabeth II,1955S,2,,,
Shilling,Elizabeth II,1956E,10,,,
Shilling,Elizabeth II,1956S,10,,,
Shilling,Elizabeth II,1957E,1,,,
Shilling,Elizabeth II,1957S,10,,,
Shilling,Elizabeth II,1958E,10,,,
Shilling,Elizabeth II,1958S,1,,,
Shilling,Elizabeth II,1959E,1,,,
Shilling,Elizabeth II,1959S,1,3,10,50
Shilling,Elizabeth II,1960E,1,,,
Shilling,Elizabeth II,1960S,1,,,
Shilling,Elizabeth II,1961E,1,,,
Shilling,Elizabeth II,1961S,3,,,
Shilling,Elizabeth II,1962E,1,,,
Shilling,Elizabeth II,1962S,1,,,
Shilling,Elizabeth II,1963E,1,,,
Shilling,Elizabeth II,1963S,1,,,
Shilling,Elizabeth II,1964E,1,,,
Shilling,Elizabeth II,1964S,1,,,
Shilling,Elizabeth II,1965E,1,,,
Shilling,Elizabeth II,1965S,2,,,
Shilling,Elizabeth II,1966E,1,,,
Shilling,Elizabeth II,1966S,1,,,
Shilling,Elizabeth II,1970E,,,,
Shilling,Elizabeth II,1970S,,,,
Sixpence,Oliver Cromwell,1658,,,,
Sixpence,Charles II,1674,75,300,1000,
Sixpence,Charles II,1675,75,300,1100,
Sixpence,Charles II,1676,85,300,1000,
Sixpence,Charles II,1677,75,300,1000,
Sixpence,Charles II,1679,75,300,1000,
Sixpence,Charles II,1680,100,500,1300,
Sixpence,Charles II,1681,85,300,1100,
Sixpence,Charles II,1682,110,350,1350,
Sixpence,Charles II,1683,85,300,1000,
Sixpence,Charles II,1684,90,300,1000,
Sixpence,James II,1686,150,450,1200,
Sixpence,James II,1687t1,160,500,1450,
Sixpence,James II,1687t2,160,500,1500,
Sixpence,James II,1688,160,500,1450,
Sixpence,William & Mary,1693,130,450,1250,
Sixpence,William & Mary,1693i,240,500,1550,
Sixpence,William & Mary,1694,130,450,1250,
Sixpence,William III,1695,35,110,420,
Sixpence,William III,1696b1r1,35,110,340,
Sixpence,William III,1696ns,50,150,525,
Sixpence,William III,1696b1r1B,40,110,450,
Sixpence,William III,1696b1r1C,40,100,475,
Sixpence,William III,1696b1r1E,50,110,475,
Sixpence,William III,1696b1r1N,50,100,500,
Sixpence,William III,1696b1r1y,50,120,575,
Sixpence,William III,1696b1r1Y,50,200,600,
Sixpence,William III,1696b1r2,50,175,425,
Sixpence,William III,1696b1r2B,70,225,650,
Sixpence,William III,1696Bns,80,275,575,
Sixpence,William III,1696b1r2C,100,400,1000,
Sixpence,William III,1696b1r2N,70,325,,
Sixpence,William III,1696b2,300,800,2300,
Sixpence,William III,1697b1,30,75,300,
Sixpence,William III,1697b1B,55,120,475,
Sixpence,William III,1697b1C,70,200,500,
Sixpence,William III,1697b1E,70,200,525,
Sixpence,William III,1697b1N,70,200,500,
Sixpence,William III,1697b1y,65,140,500,
Sixpence,William III,1697b2,220,550,1800,
Sixpence,William III,1697b3,35,75,300,
Sixpence,William III,1697b3B,55,140,500,
Sixpence,William III,1697b3C,80,240,575,
Sixpence,William III,1697b3E,80,240,575,
Sixpence,William III,1697b3Y,60,210,575,
Sixpence,William III,1698,60,200,550,
Sixpence,William III,1698pl,100,250,850,
Sixpence,William III,1699,110,275,900,
Sixpence,William III,1699pl,80,275,950,
Sixpence,William III,1699r,75,260,875,
Sixpence,William III,1700,45,110,425,
Sixpence,William III,1700pl,2400,,,
Sixpence,William III,1701,70,175,550,
Sixpence,Queen Anne,1703V,40,150,500,
Sixpence,Queen Anne,1705,60,170,550,
Sixpence,Queen Anne,1705pl,60,175,600,
Sixpence,Queen Anne,1705rp,70,180,575,
Sixpence,Queen Anne,1707bU,50,160,500,
Sixpence,Queen Anne,1707aU,40,90,375,
Sixpence,Queen Anne,1707aUE,40,90,350,
Sixpence,Queen Anne,1707pl,50,140,380,
Sixpence,Queen Anne,1708,45,100,400,
Sixpence,Queen Anne,1708E,50,100,350,
Sixpence,Queen Anne,1708pl,60,160,550,
Sixpence,Queen Anne,1710rp,40,125,500,
Sixpence,Queen Anne,1711,25,70,280,
Sixpence,George I,1717,90,300,850,
Sixpence,George I,1720,90,300,725,
Sixpence,George I,1723SSC,30,70,220,
Sixpence,George I,1726,80,240,700,
Sixpence,George II,1728,70,240,525,
Sixpence,George II,1728,,,,
Sixpence,George II,1728pl,40,140,425,
Sixpence,George II,1728rp,35,125,370,
Sixpence,George II,1731rp,40,140,400,
Sixpence,George II,1732rp,35,130,400,
Sixpence,George II,1734rp,40,140,400,
Sixpence,George II,1735rp,35,140,400,
Sixpence,George II,1736rp,45,150,425,
Sixpence,George II,1739r,30,110,350,
Sixpence,George II,1741r,30,110,340,
Sixpence,George II,1743r,25,75,250,
Sixpence,George II,1745r,25,75,250,
Sixpence,George II,1745L,30,80,275,
Sixpence,George II,1746L,30,80,275,
Sixpence,George II,1746,,,,
Sixpence,George II,1750,35,140,350,
Sixpence,George II,1751,35,150,400,
Sixpence,George II,1757,18,35,95,
Sixpence,George II,1758,18,35,95,
Sixpence,George III,1787nsh,15,35,80,115
Sixpence,George III,1787sh,15,35,80,115
Sixpence,George III,1816,7,15,40,110
Sixpence,George III,1817,7,15,40,110
Sixpence,George III,1818,10,25,80,175
Sixpence,George III,1819,8,15,40,100
Sixpence,George III,1819s8,12,22,60,140
Sixpence,George III,1820,8,15,50,125
Sixpence,George IV,1821,12,30,120,350
Sixpence,George IV,1821BB,100,300,950,
Sixpence,George IV,1821,,,,
Sixpence,George IV,1824,10,30,100,325
Sixpence,George IV,1825,12,30,100,300
Sixpence,George IV,1826t2,40,100,250,550
Sixpence,George IV,1826t3,10,30,100,220
Sixpence,George IV,1826t3,,,,
Sixpence,George IV,1827,40,110,300,700
Sixpence,George IV,1828,20,50,150,350
Sixpence,George IV,1829,15,45,125,350
Sixpence,William IV,1831,15,40,125,300
Sixpence,William IV,1831,,,,
Sixpence,William IV,1834,15,40,125,300
Sixpence,William IV,1835,15,40,125,300
Sixpence,William IV,1836,15,45,150,350
Sixpence,William IV,1837,25,50,240,550
Sixpence,Victoria,1838,15,40,130,350
Sixpence,Victoria,1839,15,40,130,350
Sixpence,Victoria,1839,,,,
Sixpence,Victoria,1840,15,40,130,350
Sixpence,Victoria,1841,18,45,150,425
Sixpence,Victoria,1842,15,40,130,350
Sixpence,Victoria,1843,15,40,130,350
Sixpence,Victoria,1844,15,30,140,375
Sixpence,Victoria,1844L,18,40,130,425
Sixpence,Victoria,1845,15,35,100,360
Sixpence,Victoria,1846,15,35,100,380
Sixpence,Victoria,1847,1000,,,
Sixpence,Victoria,1848,50,125,375,550
Sixpence,Victoria,1850,15,40,120,425
Sixpence,Victoria,1851,10,30,100,380
Sixpence,Victoria,1852,10,30,150,380
Sixpence,Victoria,1853,10,30,150,380
Sixpence,Victoria,1853,,,,
Sixpence,Victoria,1854,200,600,1200,3250
Sixpence,Victoria,1855,10,30,120,300
Sixpence,Victoria,1856,10,40,120,320
Sixpence,Victoria,1857,10,40,120,300
Sixpence,Victoria,1858,10,40,120,300
Sixpence,Victoria,1859,10,40,120,300
Sixpence,Victoria,1860,10,35,120,360
Sixpence,Victoria,1862,100,200,600,1800
Sixpence,Victoria,1863,70,150,475,1300
Sixpence,Victoria,1866ndn,,,,
Sixpence,Victoria,1864dn,10,25,110,275
Sixpence,Victoria,1865dn,10,25,100,275
Sixpence,Victoria,1866dn,10,25,100,275
Sixpence,Victoria,1867dn,10,30,120,300
Sixpence,Victoria,1868dn,10,30,110,300
Sixpence,Victoria,1869dn,10,30,110,310
Sixpence,Victoria,1870dn,10,30,110,280
Sixpence,Victoria,1871dn,8,30,75,280
Sixpence,Victoria,1872dn,8,30,75,240
Sixpence,Victoria,1873dn,8,30,75,240
Sixpence,Victoria,1874dn,8,30,90,300
Sixpence,Victoria,1875dn,8,30,75,250
Sixpence,Victoria,1876dn,8,30,75,250
Sixpence,Victoria,1877dn,8,30,75,250
Sixpence,Victoria,1878dn,8,30,75,280
Sixpence,Victoria,1878DR,125,300,1000,
Sixpence,Victoria,1879dn,8,25,80,250
Sixpence,Victoria,1871ndn,8,30,75,240
Sixpence,Victoria,1877ndn,8,30,75,250
Sixpence,Victoria,1879ndn,8,25,80,250
Sixpence,Victoria,1880h2,8,25,75,250
Sixpence,Victoria,1880h3,8,20,80,200
Sixpence,Victoria,1881,8,20,80,200
Sixpence,Victoria,1882,15,50,150,475
Sixpence,Victoria,1883,8,20,70,175
Sixpence,Victoria,1884,8,20,70,175
Sixpence,Victoria,1885,8,20,70,175
Sixpence,Victoria,1886,8,20,70,170
Sixpence,Victoria,1887yh,8,20,70,170
Sixpence,Victoria,1887sh,6,10,15,30
Sixpence,Victoria,1887sh,,,,
Sixpence,Victoria,1887nr,6,8,18,35
Sixpence,Victoria,1888,8,12,35,60
Sixpence,Victoria,1889,8,12,35,70
Sixpence,Victoria,1890,8,12,35,70
Sixpence,Victoria,1891,8,12,35,70
Sixpence,Victoria,1892,8,12,35,80
Sixpence,Victoria,1893jh,800,1500,4000,
Sixpence,Victoria,1893oh,7,12,22,50
Sixpence,Victoria,1893oh,,,,
Sixpence,Victoria,1894,8,18,55,160
Sixpence,Victoria,1895,8,18,50,125
Sixpence,Victoria,1896,7,15,40,80
Sixpence,Victoria,1897,7,15,40,80
Sixpence,Victoria,1898,7,15,40,80
Sixpence,Victoria,1899,7,15,40,75
Sixpence,Victoria,1900,7,15,40,75
Sixpence,Victoria,1901,7,15,40,75
Sixpence,Edward VII,1902,5,10,30,60
Sixpence,Edward VII,1902,,,,
Sixpence,Edward VII,1903,7,20,50,170
Sixpence,Edward VII,1904,15,50,175,500
Sixpence,Edward VII,1905,8,20,70,220
Sixpence,Edward VII,1906,7,12,40,110
Sixpence,Edward VII,1907,7,12,45,120
Sixpence,Edward VII,1908,10,30,110,350
Sixpence,Edward VII,1909,8,18,50,175
Sixpence,Edward VII,1910,5,8,25,65
Sixpence,George V,1911,3,7,15,40
Sixpence,George V,1911,,,,
Sixpence,George V,1912,3,7,20,65
Sixpence,George V,1913,3,8,22,80
Sixpence,George V,1914,3,7,10,35
Sixpence,George V,1915,3,7,12,45
Sixpence,George V,1916,3,7,10,35
Sixpence,George V,1917,8,25,60,150
Sixpence,George V,1918,3,7,12,30
Sixpence,George V,1919,3,7,12,40
Sixpence,George V,1920,3,7,10,35
Sixpence,George V,1920,1,3,10,40
Sixpence,George V,1921,1,3,10,40
Sixpence,George V,1922,1,3,10,30
Sixpence,George V,1923,4,10,45,110
Sixpence,George V,1924,1,5,10,35
Sixpence,George V,1925,1,3,10,35
Sixpence,George V,1925br,1,3,10,35
Sixpence,George V,1926,1,3,10,35
Sixpence,George V,1926me,1,2,10,35
Sixpence,George V,1927,2,10,35,
Sixpence,George V,1927,,,,
Sixpence,George V,1928,1,2,8,25
Sixpence,George V,1929,1,2,8,25
Sixpence,George V,1930,1,2,8,30
Sixpence,George V,1931,1,2,8,30
Sixpence,George V,1932,1,2,8,40
Sixpence,George V,1933,1,2,8,25
Sixpence,George V,1934,1,2,12,35
Sixpence,George V,1935,1,2,6,15
Sixpence,George V,1936,1,2,6,15
Sixpence,George VI,1937,1,5,,
Sixpence,George VI,1937,,,,
Sixpence,George VI,1938,2,5,18,
Sixpence,George VI,1939,1,5,,
Sixpence,George VI,1940,1,5,,
Sixpence,George VI,1941,1,5,,
Sixpence,George VI,1942,1,4,,
Sixpence,George VI,1943,1,4,,
Sixpence,George VI,1944,1,4,,
Sixpence,George VI,1945,1,3,,
Sixpence,George VI,1946,1,3,,
Sixpence,George VI,1947,1,3,,
Sixpence,George VI,1948,1,3,,
Sixpence,George VI,1949,1,3,,
Sixpence,George VI,1950,1,3,,
Sixpence,George VI,1950,,,,
Sixpence,George VI,1951,1,3,,
Sixpence,George VI,1951,,,,
Sixpence,George VI,1952,7,22,50,160
Sixpence,Elizabeth II,1953,2,,,
Sixpence,Elizabeth II,1953,,,,
Sixpence,Elizabeth II,1954,3,,,
Sixpence,Elizabeth II,1955,1,,,
Sixpence,Elizabeth II,1956,1,,,
Sixpence,Elizabeth II,1957,1,,,
Sixpence,Elizabeth II,1958,3,,,
Sixpence,Elizabeth II,1959,1,,,
Sixpence,Elizabeth II,1960,3,,,
Sixpence,Elizabeth II,1961,3,,,
Sixpence,Elizabeth II,1970,,,,
Threepence,Charles II,1670,75,125,185,
Threepence,Charles II,1671,70,125,185,
Threepence,Charles II,1671g,80,160,245,
Threepence,Charles II,1672,80,130,195,
Threepence,Charles II,1673,70,110,175,
Threepence,Charles II,1674,70,110,175,
Threepence,Charles II,1675,70,110,180,
Threepence,Charles II,1676,75,125,220,
Threepence,Charles II,1676e,110,165,250,
Threepence,Charles II,1677,65,90,165,
Threepence,Charles II,1678,55,85,140,
Threepence,Charles II,1679,50,80,140,
Threepence,Charles II,1679o,120,170,265,
Threepence,Charles II,1680,65,100,175,
Threepence,Charles II,1681,70,110,190,
Threepence,Charles II,1682,65,115,175,
Threepence,Charles II,1683,65,110,170,
Threepence,Charles II,1684,65,110,175,
Threepence,James II,1685,85,125,200,
Threepence,James II,1685f,150,230,350,
Threepence,James II,1686,80,115,175,
Threepence,James II,1687,80,115,170,
Threepence,James II,1688,85,130,215,
Threepence,William & Mary,1689,85,130,195,
Threepence,William & Mary,1689ns,90,135,200,
Threepence,William & Mary,1689m,120,160,240,
Threepence,William & Mary,1690,95,140,200,
Threepence,William & Mary,1691b1,370,570,850,
Threepence,William & Mary,1691b2,245,365,525,
Threepence,William & Mary,1692,120,180,275,
Threepence,William & Mary,1692g1,115,180,275,
Threepence,William & Mary,1692g2,115,170,270,
Threepence,William & Mary,1692g3,115,170,275,
Threepence,William & Mary,1693,150,220,300,
Threepence,William & Mary,1694,95,120,200,
Threepence,William & Mary,1694m,140,180,265,
Threepence,William & Mary,1694g2,105,135,210,
Threepence,William & Mary,1694g3,105,140,220,
Threepence,William III,1698,80,145,225,
Threepence,William III,1699,75,135,200,
Threepence,William III,1700,80,145,220,
Threepence,William III,1701s,80,140,215,
Threepence,William III,1701b,95,150,225,
Threepence,William III,1701l,90,145,215,
Threepence,Queen Anne,1703,80,125,205,
Threepence,Queen Anne,1703c,90,150,230,
Threepence,Queen Anne,1704,70,100,175,
Threepence,Queen Anne,1705,90,140,225,
Threepence,Queen Anne,1706,65,100,170,
Threepence,Queen Anne,1707,65,105,155,
Threepence,Queen Anne,1708,70,125,185,
Threepence,Queen Anne,1709,70,145,195,
Threepence,Queen Anne,1710,55,105,150,
Threepence,Queen Anne,1713,75,135,190,
Threepence,George I,1717,75,120,15,
Threepence,George I,1721,75,120,175,
Threepence,George I,1723,85,140,200,
Threepence,George I,1727,80,135,195,
Threepence,George II,1729,60,110,155,
Threepence,George II,1731,60,110,160,
Threepence,George II,1731s,70,120,180,
Threepence,George II,1732ns,60,105,160,
Threepence,George II,1732sh,70,115,170,
Threepence,George II,1735,70,110,175,
Threepence,George II,1737,65,100,170,
Threepence,George II,1739,65,100,175,
Threepence,George II,1740,55,95,145,
Threepence,George II,1743,65,95,160,
Threepence,George II,1743sh,65,95,165,
Threepence,George II,1746,50,80,140,
Threepence,George II,1760,60,90,155,
Threepence,George III,1762,30,50,70,
Threepence,George III,1763,30,50,75,
Threepence,George III,1763,,,,
Threepence,George III,1765,425,600,925,
Threepence,George III,1766,70,110,185,
Threepence,George III,1770,90,135,215,
Threepence,George III,1772,60,90,120,
Threepence,George III,1780,65,95,125,
Threepence,George III,1784,80,115,195,
Threepence,George III,1786,80,110,190,
Threepence,George III,1792,110,170,250,340
Threepence,George III,1795,40,80,120,
Threepence,George III,1800,45,85,130,
Threepence,George III,1817,55,95,170,
Threepence,George III,1818,55,95,170,
Threepence,George III,1820,55,95,170,
Threepence,George IV,1822,90,180,,
Threepence,George IV,1823,80,160,,
Threepence,George IV,1824,80,170,,
Threepence,George IV,1825,80,165,,
Threepence,George IV,1826,80,165,,
Threepence,George IV,1827,80,165,,
Threepence,George IV,1828,80,165,,
Threepence,George IV,1829,80,165,,
Threepence,George IV,1830,80,165,,
Threepence,William IV,1834,12,25,100,275
Threepence,William IV,1835,10,20,80,250
Threepence,William IV,1836,10,20,90,275
Threepence,William IV,1837,15,35,130,350
Threepence,William IV,1831,,,,
Threepence,William IV,1831,110,175,,
Threepence,William IV,1832,125,220,,
Threepence,William IV,1833,90,170,,
Threepence,William IV,1834,90,170,,
Threepence,William IV,1835,90,170,,
Threepence,William IV,1836,90,170,,
Threepence,William IV,1837,115,205,,
Threepence,Victoria,1838,15,30,80,275
Threepence,Victoria,1839,15,30,90,300
Threepence,Victoria,1840,15,30,90,300
Threepence,Victoria,1841,18,35,100,325
Threepence,Victoria,1842,15,30,100,325
Threepence,Victoria,1843,15,30,75,240
Threepence,Victoria,1844,16,30,90,275
Threepence,Victoria,1845,16,30,80,275
Threepence,Victoria,1846,30,75,275,550
Threepence,Victoria,1847,,,,
Threepence,Victoria,1848,,,,
Threepence,Victoria,1849,15,35,100,275
Threepence,Victoria,1850,15,35,90,250
Threepence,Victoria,1851,15,35,90,240
Threepence,Victoria,1852,90,240,700,1100
Threepence,Victoria,1853,60,150,400,800
Threepence,Victoria,1854,8,30,75,220
Threepence,Victoria,1855,12,30,90,300
Threepence,Victoria,1856,10,25,90,250
Threepence,Victoria,1857,10,25,80,275
Threepence,Victoria,1858,10,28,90,260
Threepence,Victoria,1858b,,,,
Threepence,Victoria,1859,10,25,80,240
Threepence,Victoria,1860,12,30,85,300
Threepence,Victoria,1861,10,25,70,225
Threepence,Victoria,1862,10,30,75,225
Threepence,Victoria,1863,30,70,125,350
Threepence,Victoria,1864,7,22,60,180
Threepence,Victoria,1865,7,22,70,200
Threepence,Victoria,1866,7,22,60,180
Threepence,Victoria,1867,7,22,60,180
Threepence,Victoria,1868,7,22,60,200
Threepence,Victoria,1868Rr,,,,
Threepence,Victoria,1869,25,175,300,650
Threepence,Victoria,1870,6,20,70,160
Threepence,Victoria,1871,6,20,70,150
Threepence,Victoria,1872,5,16,60,140
Threepence,Victoria,1873,5,16,60,140
Threepence,Victoria,1874,5,16,60,150
Threepence,Victoria,1875,5,16,60,140
Threepence,Victoria,1876,5,16,60,140
Threepence,Victoria,1877,5,16,60,140
Threepence,Victoria,1878,6,20,70,175
Threepence,Victoria,1879,5,16,40,120
Threepence,Victoria,1880,5,16,40,110
Threepence,Victoria,1881,5,16,40,100
Threepence,Victoria,1882,10,35,80,200
Threepence,Victoria,1883,5,10,40,85
Threepence,Victoria,1884,5,12,40,100
Threepence,Victoria,1885,5,12,40,100
Threepence,Victoria,1886,5,12,35,75
Threepence,Victoria,1887yh,5,12,35,75
Threepence,Victoria,1887jh,3,5,15,30
Threepence,Victoria,1887jh,,,,
Threepence,Victoria,1888,3,6,20,45
Threepence,Victoria,1889,3,6,20,50
Threepence,Victoria,1890,3,6,20,60
Threepence,Victoria,1891,3,6,20,60
Threepence,Victoria,1892,3,6,20,70
Threepence,Victoria,1893jh,20,60,180,450
Threepence,Victoria,1893oh,2,5,16,40
Threepence,Victoria,1893oh,,,,
Threepence,Victoria,1894,4,7,25,90
Threepence,Victoria,1895,2,5,22,80
Threepence,Victoria,1896,2,5,18,50
Threepence,Victoria,1897,2,5,18,50
Threepence,Victoria,1898,2,5,18,50
Threepence,Victoria,1899,2,5,18,50
Threepence,Victoria,1900,2,5,18,50
Threepence,Victoria,1901,2,5,15,40
Threepence,Edward VII,1902,2,3,10,20
Threepence,Edward VII,1902,,,,
Threepence,Edward VII,1903,2,5,20,55
Threepence,Edward VII,1904,4,12,50,125
Threepence,Edward VII,1905,2,5,25,70
Threepence,Edward VII,1906,3,9,40,90
Threepence,Edward VII,1907,2,4,20,65
Threepence,Edward VII,1908,2,4,20,60
Threepence,Edward VII,1909,2,4,20,65
Threepence,Edward VII,1910,2,4,18,50
Threepence,George V,1911,3,12,,
Threepence,George V,1911,,,,
Threepence,George V,1912,3,15,,
Threepence,George V,1913,3,15,,
Threepence,George V,1914,3,14,,
Threepence,George V,1915,3,16,,
Threepence,George V,1916,3,12,,
Threepence,George V,1917,3,12,,
Threepence,George V,1918,3,10,,
Threepence,George V,1919,3,10,,
Threepence,George V,1920,3,10,,
Threepence,George V,1920,3,12,,
Threepence,George V,1921,3,14,,
Threepence,George V,1922,5,40,,
Threepence,George V,1925,4,28,,
Threepence,George V,1926,4,35,,
Threepence,George V,1926,,,,
Threepence,George V,1927,,,,
Threepence,George V,1928,4,10,30,65
Threepence,George V,1930,2,4,10,40
Threepence,George V,1931,2,7,,
Threepence,George V,1932,2,7,,
Threepence,George V,1933,2,7,,
Threepence,George V,1934,2,7,,
Threepence,George V,1935,2,7,,
Threepence,George V,1936,2,7,,
Threepence,George V,1927,60,85,,
Threepence,George V,1928,60,85,,
Threepence,George V,1930,60,85,,
Threepence,George V,1931,60,85,,
Threepence,George V,1932,60,85,,
Threepence,George V,1933,60,85,,
Threepence,George V,1934,60,85,,
Threepence,George V,1935,65,110,,
Threepence,George V,1936,80,140,,
Threepence,George VI (Silver Threepence),1937s,1,5,,
Threepence,George VI (Silver Threepence),1937s,,,,
Threepence,George VI (Silver Threepence),1938s,1,5,,
Threepence,George VI (Silver Threepence),1939s,4,18,,
Threepence,George VI (Silver Threepence),1940s,1,4,,
Threepence,George VI (Silver Threepence),1941s,1,4,,
Threepence,George VI (Silver Threepence),1942s,2,5,12,35
Threepence,George VI (Silver Threepence),1943s,3,8,15,40
Threepence,George VI (Silver Threepence),1944s,10,25,50,100
Threepence,George VI (Silver Threepence),1945s,,,,
Threepence,George VI (Silver Threepence),1937,55,85,,
Threepence,George VI (Silver Threepence),1937,,,,
Threepence,Elizabeth II,1953,210,310,,
Threepence,Elizabeth II,2002g,,,,
Threepence,Elizabeth II,2008,155,,,
Threepence,Elizabeth II,2009,145,,,
Threepence,Elizabeth II,2010,150,,,
Threepence,Elizabeth II,2011,130,,,
Threepence,Elizabeth II,2012,140,,,
Threepence,Elizabeth II,2013,140,,,
Threepence,Elizabeth II,2014,170,,,
Threepence,Elizabeth II,2015,155,,,
Threepence,Elizabeth II,2016,150,,,
Threepence,Elizabeth II,2017,170,,,
Threepence,Elizabeth II,2018,180,,,
Threepence,Elizabeth II,2019,190,,,
Threepence,Elizabeth II,2020,200,,,
Threepence,Elizabeth II,2021,210,,,
Threepence,Elizabeth II,2022,215,,,
Threepence,Charles III,2023,275,,,
Threepence,George VI,1937nb,1,4,,
Threepence,George VI,1937nb,,,,
Threepence,George VI,1938nb,1,25,,
Threepence,George VI,1939nb,5,50,,
Threepence,George VI,1940nb,4,35,,
Threepence,George VI,1941nb,1,10,,
Threepence,George VI,1942nb,1,10,,
Threepence,George VI,1943nb,1,10,,
Threepence,George VI,1944nb,1,12,,
Threepence,George VI,1945nb,5,25,,
Threepence,George VI,1946,6,25,240,950
Threepence,George VI,1948,7,60,,
Threepence,George VI,1949,6,28,250,1000
Threepence,George VI,1950,2,20,140,
Threepence,George VI,1950,,,,
Threepence,George VI,1951,4,35,170,
Threepence,George VI,1951,,,,
Threepence,George VI,1952,12,,,
Threepence,Elizabeth II,1953,1,,,
Threepence,Elizabeth II,1953,,,,
Threepence,Elizabeth II,1954,5,,,
Threepence,Elizabeth II,1955,5,,,
Threepence,Elizabeth II,1956,6,,,
Threepence,Elizabeth II,1957,6,,,
Threepence,Elizabeth II,1958,9,,,
Threepence,Elizabeth II,1959,6,,,
Threepence,Elizabeth II,1960,2,,,
Threepence,Elizabeth II,1961,1,,,
Threepence,Elizabeth II,1962,1,,,
Threepence,Elizabeth II,1963,1,,,
Threepence,Elizabeth II,1970,,,,
Penny,George III,1797,25,60,320,1000
Penny,George III,1806,10,25,90,300
Penny,George III,1807,11,25,90,300
Penny,George III,1808,,,,
Penny,George IV,1825,20,50,300,750
Penny,George IV,1826,20,50,300,750
Penny,George IV,1826,,,,
Penny,George IV,1827,300,1000,5000,
Penny,William IV,1831,30,75,425,1300
Penny,William IV,1831,,,,
Penny,William IV,1834,35,80,425,1500
Penny,William IV,1837,70,210,875,3000
Penny,Victoria,1839,,,,
Penny,Victoria,1841nc,10,25,175,600
Penny,Victoria,1843nc,,,,
Penny,Victoria,1844,15,35,225,700
Penny,Victoria,1844,,,,
Penny,Victoria,1845,18,40,300,850
Penny,Victoria,1846,18,30,300,800
Penny,Victoria,1847,15,30,200,600
Penny,Victoria,1848,15,30,200,600
Penny,Victoria,1849,250,600,2500,
Penny,Victoria,1851,18,50,250,850
Penny,Victoria,1853,7,15,100,250
Penny,Victoria,1853,,,,
Penny,Victoria,1854,10,25,130,350
Penny,Victoria,1855,10,22,130,375
Penny,Victoria,1856p,110,250,1100,3000
Penny,Victoria,1856o,120,280,1100,3200
Penny,Victoria,1856,,,,
Penny,Victoria,1857p,8,20,120,350
Penny,Victoria,1857o,8,20,110,375
Penny,Victoria,1858,9,20,110,400
Penny,Victoria,1859,12,30,200,550
Penny,Victoria Young Head or 'Bun' Penny,1860b,40,100,250,1000
Penny,Victoria Young Head or 'Bun' Penny,1860t,10,30,80,400
Penny,Victoria Young Head or 'Bun' Penny,1861,8,16,60,400
Penny,Victoria Young Head or 'Bun' Penny,1862,8,16,60,375
Penny,Victoria Young Head or 'Bun' Penny,1862s,100,250,,
Penny,Victoria Young Head or 'Bun' Penny,1863,10,18,65,375
Penny,Victoria Young Head or 'Bun' Penny,1863dn,500,1000,,
Penny,Victoria Young Head or 'Bun' Penny,1864p4,30,175,700,3500
Penny,Victoria Young Head or 'Bun' Penny,1864c4,35,185,800,4000
Penny,Victoria Young Head or 'Bun' Penny,1865,8,20,70,400
Penny,Victoria Young Head or 'Bun' Penny,1866,8,25,120,500
Penny,Victoria Young Head or 'Bun' Penny,1867,8,25,150,900
Penny,Victoria Young Head or 'Bun' Penny,1868,20,80,300,2500
Penny,Victoria Young Head or 'Bun' Penny,1869,150,500,2000,6000
Penny,Victoria Young Head or 'Bun' Penny,1870,18,50,200,800
Penny,Victoria Young Head or 'Bun' Penny,1871,45,150,600,3000
Penny,Victoria Young Head or 'Bun' Penny,1872,8,25,80,325
Penny,Victoria Young Head or 'Bun' Penny,1873,8,25,100,350
Penny,Victoria Young Head or 'Bun' Penny,1874,8,25,100,350
Penny,Victoria Young Head or 'Bun' Penny,1874H,8,25,90,400
Penny,Victoria Young Head or 'Bun' Penny,1874o,18,50,130,600
Penny,Victoria Young Head or 'Bun' Penny,1875,8,25,75,350
Penny,Victoria Young Head or 'Bun' Penny,1875H,35,125,1000,2750
Penny,Victoria Young Head or 'Bun' Penny,1876H,8,15,70,400
Penny,Victoria Young Head or 'Bun' Penny,1877,8,15,70,400
Penny,Victoria Young Head or 'Bun' Penny,1878,8,15,70,400
Penny,Victoria Young Head or 'Bun' Penny,1879,6,20,70,400
Penny,Victoria Young Head or 'Bun' Penny,1880,6,18,65,400
Penny,Victoria Young Head or 'Bun' Penny,1881,8,18,65,350
Penny,Victoria Young Head or 'Bun' Penny,1881H,12,20,70,350
Penny,Victoria Young Head or 'Bun' Penny,1882H,8,18,65,340
Penny,Victoria Young Head or 'Bun' Penny,1882,,,,
Penny,Victoria Young Head or 'Bun' Penny,1883,8,18,70,325
Penny,Victoria Young Head or 'Bun' Penny,1884,8,20,70,325
Penny,Victoria Young Head or 'Bun' Penny,1885,8,18,65,325
Penny,Victoria Young Head or 'Bun' Penny,1886,8,18,65,325
Penny,Victoria Young Head or 'Bun' Penny,1887,8,18,65,325
Penny,Victoria Young Head or 'Bun' Penny,1888,8,18,70,350
Penny,Victoria Young Head or 'Bun' Penny,1889,8,18,65,425
Penny,Victoria Young Head or 'Bun' Penny,1890,8,18,65,300
Penny,Victoria Young Head or 'Bun' Penny,1891,8,15,65,300
Penny,Victoria Young Head or 'Bun' Penny,1892,10,20,100,350
Penny,Victoria Young Head or 'Bun' Penny,1893,8,15,60,275
Penny,Victoria Young Head or 'Bun' Penny,1894,15,45,160,400
Penny,Victoria Old Head,18952mm,20,90,300,850
Penny,Victoria Old Head,18951mm,3,18,90,
Penny,Victoria Old Head,1896,3,18,75,
Penny,Victoria Old Head,1897,3,15,70,
Penny,Victoria Old Head,1897d,150,275,900,
Penny,Victoria Old Head,1898,3,18,70,
Penny,Victoria Old Head,1899,3,16,70,
Penny,Victoria Old Head,1900,3,16,50,
Penny,Victoria Old Head,1901,3,10,35,
Penny,Edward VII,1902,1,8,35,
Penny,Edward VII,1902lt,4,15,75,275
Penny,Edward VII,1903,3,15,90,
Penny,Edward VII,1904,4,25,200,
Penny,Edward VII,1905,3,15,85,
Penny,Edward VII,1906,3,15,75,
Penny,Edward VII,1907,3,15,75,
Penny,Edward VII,1908,3,18,140,
Penny,Edward VII,1909,3,22,200,
Penny,Edward VII,1910,3,15,65,
Penny,George V,1911,3,12,65,
Penny,George V,1912,3,12,65,
Penny,George V,1912H,4,40,250,
Penny,George V,1913,3,15,80,
Penny,George V,1914,3,18,85,
Penny,George V,1915,3,20,90,
Penny,George V,1916,3,15,65,
Penny,George V,1917,3,15,60,
Penny,George V,1918,3,12,60,
Penny,George V,1918H,1,15,150,700
Penny,George V,1918KN,8,80,600,2500
Penny,George V,1919,2,15,55,
Penny,George V,1919H,1,20,275,1100
Penny,George V,1919KN,15,120,800,3200
Penny,George V,1920,2,12,35,
Penny,George V,1921,2,12,45,
Penny,George V,1922,3,28,178,
Penny,George V,1922r,,,,
Penny,George V,1926,6,25,150,
Penny,George V,1926me,25,150,800,3500
Penny,George V,1927,2,10,45,
Penny,George V,1927,2,10,45,
Penny,George V,1928,2,10,40,
Penny,George V,1929,2,10,45,
Penny,George V,1930,2,20,90,
Penny,George V,1931,2,10,55,
Penny,George V,1932,2,15,110,
Penny,George V,1933,,,,
Penny,George V,1934,2,25,110,
Penny,George V,1935,2,15,,
Penny,George V,1936,2,12,,
Penny,George VI,1937,4,,,
Penny,George VI,1937,,,,
Penny,George VI,1938,6,,,
Penny,George VI,1939,15,,,
Penny,George VI,1940,8,25,,
Penny,George VI,1944,8,,,
Penny,George VI,1945,8,,,
Penny,George VI,1946,8,,,
Penny,George VI,1947,5,,,
Penny,George VI,1948,5,,,
Penny,George VI,1949,8,,,
Penny,George VI,1950,8,16,30,50
Penny,George VI,1950,,,,
Penny,George VI,1951,20,28,50,75
Penny,George VI,1951,,,,
Penny,George VI,1952,,,,
Penny,Elizabeth II,1953,2,5,,
Penny,Elizabeth II,1953,,,,
Penny,Elizabeth II,1953t,,,,
Penny,Elizabeth II,1954,,,,
Penny,Elizabeth II,1961,2,,,
Penny,Elizabeth II,1970,,,,
